#Episode,Step,Epsilon,MeanReward,MeanLength,MeanLoss,MeanQValue,TimeDelta,Time
0,6749,0.9986509107733881,-42.0,6750.0,0.0,0.0,4.091,2024-03-12T06:58:17
1,5508,0.9975513028408388,-16.0,6129.0,0.0,0.0,3.168,2024-03-12T06:58:20
2,6044,0.9963460916478938,-5.0,6100.667,2.251,0.068,26.671,2024-03-12T06:58:47
3,6749,0.9950019318696602,-9.75,6263.0,3.279,0.097,31.469,2024-03-12T06:59:19
4,6749,0.9936595854829028,-5.0,6360.4,3.898,0.12,31.542,2024-03-12T06:59:50
5,6749,0.9923190500411956,-9.5,6425.333,4.395,0.131,31.605,2024-03-12T07:00:22
6,6749,0.9909803231014139,-9.857,6471.714,4.753,0.136,31.942,2024-03-12T07:00:54
7,6749,0.9896434022237237,-9.5,6506.5,5.108,0.138,31.502,2024-03-12T07:01:25
8,6470,0.9883635329516145,-10.889,6502.444,5.425,0.14,52.12,2024-03-12T07:02:17
9,6075,0.9871633017115202,-11.0,6459.7,5.666,0.142,48.026,2024-03-12T07:03:05
10,6749,0.9858315303362652,-10.2,6459.7,6.458,0.158,36.643,2024-03-12T07:03:42
11,6749,0.9845015556394222,-12.4,6583.9,7.237,0.174,48.873,2024-03-12T07:04:31
12,6749,0.9831733751971177,-14.2,6654.5,7.337,0.172,39.535,2024-03-12T07:05:10
13,6749,0.9818469865887371,-14.6,6654.5,7.472,0.172,30.569,2024-03-12T07:05:41
14,6749,0.980522387396937,-19.0,6654.5,7.607,0.17,27.084,2024-03-12T07:06:08
15,6749,0.9791995752076389,-17.8,6654.5,7.705,0.172,30.046,2024-03-12T07:06:38
16,6749,0.9778785476100131,-15.8,6654.5,7.81,0.174,26.732,2024-03-12T07:07:05
17,6749,0.9765593021964891,-17.7,6654.5,7.871,0.178,25.936,2024-03-12T07:07:31
18,6749,0.9752418365627367,-16.7,6682.5,7.892,0.182,25.843,2024-03-12T07:07:57
19,6749,0.9739261483076783,-17.7,6750.0,7.93,0.186,27.962,2024-03-12T07:08:25
20,6749,0.9726122350334698,-14.7,6750.0,7.966,0.191,27.401,2024-03-12T07:08:52
21,6749,0.9713000943455085,-12.5,6750.0,8.012,0.196,25.75,2024-03-12T07:09:18
22,6749,0.9699897238524092,-14.6,6750.0,8.039,0.2,26.443,2024-03-12T07:09:44
23,6749,0.9686811211660217,-15.3,6750.0,8.062,0.203,25.602,2024-03-12T07:10:10
24,6749,0.9673742839014223,-14.0,6750.0,8.085,0.208,26.413,2024-03-12T07:10:36
25,6749,0.9660692096768996,-14.7,6750.0,8.1,0.213,26.135,2024-03-12T07:11:02
26,6749,0.964765896113949,-17.3,6750.0,8.1,0.218,28.99,2024-03-12T07:11:31
27,6749,0.9634643408372866,-14.1,6750.0,8.069,0.225,27.358,2024-03-12T07:11:59
28,6749,0.9621645414748271,-11.5,6750.0,8.045,0.231,27.757,2024-03-12T07:12:26
29,6676,0.9608806204996848,-13.5,6742.6,8.028,0.236,26.737,2024-03-12T07:12:53
30,5106,0.9598997740279531,-12.7,6578.2,7.995,0.241,19.532,2024-03-12T07:13:13
31,6749,0.9586047835841738,-15.2,6578.2,7.95,0.245,25.768,2024-03-12T07:13:38
32,6749,0.9573115401980492,-11.8,6578.2,7.913,0.25,25.905,2024-03-12T07:14:04
33,6749,0.9560200415126432,-6.9,6578.2,7.895,0.256,28.227,2024-03-12T07:14:33
34,6749,0.9547302851742111,-9.2,6578.2,7.883,0.259,26.278,2024-03-12T07:14:59
35,6749,0.9534422688321522,-9.9,6578.2,7.863,0.263,25.803,2024-03-12T07:15:25
36,6749,0.9521559901390638,-10.3,6578.2,7.847,0.266,25.895,2024-03-12T07:15:51
37,5893,0.9510343449894259,-11.3,6492.5,7.835,0.269,22.917,2024-03-12T07:16:13
38,6749,0.9497513148004535,-15.1,6492.5,7.802,0.271,26.975,2024-03-12T07:16:40
39,6749,0.9484700155336896,-12.6,6499.9,7.75,0.274,26.492,2024-03-12T07:17:07
40,6749,0.9471904448539598,-15.4,6664.3,7.69,0.277,29.612,2024-03-12T07:17:37
41,6749,0.945912600429247,-15.9,6664.3,7.653,0.278,26.627,2024-03-12T07:18:03
42,6749,0.9446364799306775,-16.3,6664.3,7.637,0.278,28.096,2024-03-12T07:18:31
43,6749,0.94336208103252,-17.0,6664.3,7.617,0.279,26.737,2024-03-12T07:18:58
44,6749,0.942089401412195,-12.8,6664.3,7.583,0.28,26.085,2024-03-12T07:19:24
45,6749,0.9408184387502336,-10.8,6664.3,7.555,0.281,25.798,2024-03-12T07:19:50
46,6749,0.9395491907303081,-10.4,6664.3,7.538,0.282,27.274,2024-03-12T07:20:17
47,6098,0.9384039211103724,-13.4,6684.8,7.519,0.284,26.179,2024-03-12T07:20:43
48,6749,0.9371379304901767,-12.0,6684.8,7.506,0.285,25.827,2024-03-12T07:21:09
49,6749,0.9358736478042906,-12.5,6684.8,7.501,0.286,26.06,2024-03-12T07:21:35
50,6749,0.9346110707485532,-13.5,6684.8,7.507,0.287,26.207,2024-03-12T07:22:01
51,6749,0.933350197021924,-12.3,6684.8,7.506,0.289,27.749,2024-03-12T07:22:29
52,6749,0.9320910243264373,-15.9,6684.8,7.51,0.292,26.856,2024-03-12T07:22:56
53,6749,0.9308335503672841,-18.0,6684.8,7.525,0.293,27.343,2024-03-12T07:23:23
54,6749,0.929577772852705,-18.6,6684.8,7.553,0.294,27.341,2024-03-12T07:23:51
55,6749,0.9283236894940423,-17.6,6684.8,7.579,0.295,27.719,2024-03-12T07:24:18
56,6749,0.9270712980057262,-15.2,6684.8,7.597,0.296,28.481,2024-03-12T07:24:47
57,6749,0.925820596105279,-12.1,6750.0,7.637,0.297,26.235,2024-03-12T07:25:13
58,6375,0.92464083452166,-15.1,6712.5,7.677,0.298,24.759,2024-03-12T07:25:38
59,6749,0.9233934115333124,-13.3,6712.5,7.725,0.3,26.28,2024-03-12T07:26:04
60,6749,0.9221476714298779,-12.9,6712.5,7.765,0.302,29.296,2024-03-12T07:26:34
61,6749,0.9209036119410028,-12.5,6712.5,7.788,0.304,26.845,2024-03-12T07:27:00
62,6749,0.9196612307993758,-8.1,6712.5,7.798,0.305,26.284,2024-03-12T07:27:27
63,6749,0.9184205257407618,-7.5,6712.5,7.801,0.307,26.344,2024-03-12T07:27:53
64,6239,0.9172751435198957,-10.7,6661.4,7.804,0.311,25.157,2024-03-12T07:28:18
65,6749,0.9160376575059241,-10.5,6661.4,7.799,0.317,27.411,2024-03-12T07:28:46
66,6749,0.9148018409710039,-11.1,6661.4,7.805,0.322,27.049,2024-03-12T07:29:13
67,6749,0.9135676916628516,-13.4,6661.4,7.79,0.328,29.589,2024-03-12T07:29:42
68,6749,0.9123352073322394,-8.8,6698.9,7.781,0.334,26.65,2024-03-12T07:30:09
69,6749,0.9111043857329568,-8.6,6698.9,7.757,0.343,28.553,2024-03-12T07:30:37
70,6749,0.9098752246218167,-8.3,6698.9,7.743,0.35,26.492,2024-03-12T07:31:04
71,6749,0.9086477217587072,-6.5,6698.9,7.738,0.358,26.251,2024-03-12T07:31:30
72,6749,0.9074218749064853,-11.2,6698.9,7.726,0.364,26.626,2024-03-12T07:31:57
73,6749,0.9061976818310485,-9.3,6698.9,7.694,0.37,27.637,2024-03-12T07:32:24
74,6749,0.9049751403012972,-7.5,6750.0,7.652,0.374,27.348,2024-03-12T07:32:52
75,6749,0.9037542480891568,-9.1,6750.0,7.622,0.377,26.088,2024-03-12T07:33:18
76,6749,0.9025350029695467,-11.9,6750.0,7.587,0.382,26.432,2024-03-12T07:33:44
77,6749,0.901317402720384,-8.9,6750.0,7.554,0.384,26.311,2024-03-12T07:34:11
78,6749,0.9001014451226059,-11.5,6750.0,7.518,0.386,27.37,2024-03-12T07:34:38
79,6749,0.8988871279601274,-10.5,6750.0,7.47,0.387,26.653,2024-03-12T07:35:05
80,6749,0.8976744490198464,-9.7,6750.0,7.427,0.388,30.03,2024-03-12T07:35:35
81,6749,0.8964634060916581,-10.3,6750.0,7.386,0.39,27.259,2024-03-12T07:36:02
82,6749,0.8952539969684372,-8.6,6750.0,7.361,0.393,28.37,2024-03-12T07:36:30
83,6749,0.8940462194460369,-10.5,6750.0,7.344,0.394,27.342,2024-03-12T07:36:58
84,6749,0.8928400713232781,-10.9,6750.0,7.334,0.397,26.561,2024-03-12T07:37:24
85,6283,0.8917187438838433,-9.3,6703.3,7.327,0.4,24.643,2024-03-12T07:37:49
86,6726,0.8905199211672913,-9.3,6700.9,7.32,0.401,27.028,2024-03-12T07:38:16
87,6749,0.8893185303355519,-10.5,6700.9,7.309,0.404,28.466,2024-03-12T07:38:44
88,6749,0.8881187602872467,-9.3,6700.9,7.316,0.408,26.286,2024-03-12T07:39:11
89,6749,0.8869206088357813,-13.6,6700.9,7.339,0.412,26.623,2024-03-12T07:39:37
90,6749,0.8857240737975299,-14.1,6700.9,7.343,0.415,26.306,2024-03-12T07:40:04
91,6749,0.8845291529918097,-17.7,6700.9,7.356,0.418,28.061,2024-03-12T07:40:32
92,6749,0.883335844240875,-15.2,6700.9,7.359,0.422,26.93,2024-03-12T07:40:58
93,6749,0.8821441453699224,-15.5,6700.9,7.376,0.429,27.76,2024-03-12T07:41:26
94,6749,0.8809540542070761,-14.2,6700.9,7.4,0.433,27.537,2024-03-12T07:41:54
95,6749,0.8797655685833943,-16.4,6747.6,7.404,0.437,28.802,2024-03-12T07:42:23
96,6749,0.8785786863328651,-15.8,6750.0,7.401,0.442,28.597,2024-03-12T07:42:51
97,6749,0.8773934052923931,-17.2,6750.0,7.389,0.446,26.52,2024-03-12T07:43:18
98,6749,0.8762097233017826,-15.4,6750.0,7.365,0.451,26.475,2024-03-12T07:43:44
99,6749,0.8750276382038144,-12.5,6750.0,7.352,0.457,26.756,2024-03-12T07:44:11
100,6749,0.873847147844114,-11.1,6750.0,7.366,0.464,29.694,2024-03-12T07:44:41
101,6749,0.8726682500712438,-10.1,6750.0,7.383,0.471,26.36,2024-03-12T07:45:07
102,6749,0.8714909427366558,-10.8,6750.0,7.396,0.477,26.466,2024-03-12T07:45:33
103,6749,0.8703152236947098,-9.3,6750.0,7.404,0.483,26.528,2024-03-12T07:46:00
104,6749,0.8691410908026571,-9.6,6750.0,7.422,0.492,28.241,2024-03-12T07:46:28
105,6749,0.8679685419206391,-8.2,6750.0,7.459,0.503,27.528,2024-03-12T07:46:56
106,6749,0.8667975749116843,-6.0,6750.0,7.494,0.512,27.731,2024-03-12T07:47:23
107,5669,0.865815270115855,-6.2,6641.9,7.536,0.52,23.364,2024-03-12T07:47:47
108,6749,0.8646472080626946,-10.2,6641.9,7.562,0.526,27.585,2024-03-12T07:48:14
109,6749,0.8634807218294663,-11.2,6641.9,7.582,0.531,28.938,2024-03-12T07:48:43
110,6749,0.8623158092902509,-10.2,6641.9,7.604,0.535,26.65,2024-03-12T07:49:10
111,6749,0.8611524683219917,-11.0,6641.9,7.635,0.538,26.655,2024-03-12T07:49:37
112,6749,0.8599906968044975,-11.4,6641.9,7.671,0.542,26.803,2024-03-12T07:50:03
113,6749,0.858830492620442,-13.0,6641.9,7.712,0.544,28.646,2024-03-12T07:50:32
114,6533,0.8577089916524849,-14.0,6620.2,7.732,0.545,26.013,2024-03-12T07:50:58
115,6024,0.8566761603914933,-12.8,6547.6,7.729,0.543,23.767,2024-03-12T07:51:22
116,6749,0.8555204278128036,-13.9,6547.6,7.727,0.543,26.518,2024-03-12T07:51:48
117,6749,0.85436625442049,-12.7,6655.7,7.742,0.543,27.11,2024-03-12T07:52:16
118,6749,0.8532136381110619,-9.1,6655.7,7.764,0.544,27.572,2024-03-12T07:52:43
119,6749,0.8520625767838785,-6.7,6655.7,7.77,0.545,27.026,2024-03-12T07:53:10
120,5406,0.8511417394144878,-9.9,6521.3,7.764,0.543,24.655,2024-03-12T07:53:35
121,6749,0.8499934732635135,-9.1,6521.3,7.734,0.543,27.42,2024-03-12T07:54:02
122,6749,0.8488467562260256,-11.7,6521.3,7.721,0.544,28.481,2024-03-12T07:54:31
123,6749,0.8477015862121476,-13.1,6521.3,7.699,0.547,27.364,2024-03-12T07:54:58
124,6749,0.846557961134799,-14.1,6543.0,7.669,0.55,26.727,2024-03-12T07:55:25
125,6749,0.8454158789097219,-16.5,6615.6,7.643,0.552,26.767,2024-03-12T07:55:52
126,6749,0.8442753374554691,-17.3,6615.6,7.6,0.555,27.755,2024-03-12T07:56:19
127,6749,0.8431363346934122,-17.9,6615.6,7.551,0.557,28.575,2024-03-12T07:56:48
128,6749,0.841998868547702,-20.3,6615.6,7.496,0.559,26.886,2024-03-12T07:57:15
129,6749,0.8408629369453168,-20.3,6615.6,7.449,0.561,26.832,2024-03-12T07:57:42
130,6749,0.8397285378160141,-18.1,6750.0,7.402,0.566,26.754,2024-03-12T07:58:08
131,6749,0.8385956690923585,-18.7,6750.0,7.367,0.569,28.334,2024-03-12T07:58:37
132,6749,0.8374643287096933,-18.5,6750.0,7.303,0.569,27.298,2024-03-12T07:59:04
133,6749,0.8363345146061479,-18.7,6750.0,7.24,0.568,28.343,2024-03-12T07:59:32
134,6749,0.8352062247226405,-16.3,6750.0,7.176,0.566,27.712,2024-03-12T08:00:00
135,6749,0.8340794570028575,-18.9,6750.0,7.105,0.566,30.171,2024-03-12T08:00:30
136,6749,0.8329542093932639,-19.0,6750.0,7.059,0.565,27.964,2024-03-12T08:00:58
137,6749,0.831830479843092,-20.2,6750.0,7.0,0.564,26.679,2024-03-12T08:01:25
138,6749,0.8307082663043592,-21.4,6750.0,6.957,0.563,26.77,2024-03-12T08:01:52
139,6619,0.8296092192509501,-27.0,6736.9,6.916,0.562,28.212,2024-03-12T08:02:20
140,6641,0.8285079808199589,-29.8,6726.0,6.877,0.561,28.845,2024-03-12T08:02:49
141,6749,0.8273902496288622,-29.8,6726.0,6.827,0.561,27.277,2024-03-12T08:03:16
142,6749,0.8262740263568756,-26.5,6726.0,6.787,0.563,27.456,2024-03-12T08:03:43
143,6749,0.8251593089696814,-27.9,6726.0,6.758,0.565,26.945,2024-03-12T08:04:10
144,6749,0.824046095435705,-29.7,6726.0,6.733,0.568,28.853,2024-03-12T08:04:39
145,6749,0.8229343837261114,-26.7,6726.0,6.728,0.57,27.243,2024-03-12T08:05:06
146,6749,0.8218241718148077,-25.5,6726.0,6.718,0.574,28.647,2024-03-12T08:05:35
147,6749,0.8207154576784178,-21.7,6726.0,6.716,0.578,27.62,2024-03-12T08:06:03
148,6749,0.8196082392963419,-22.9,6726.0,6.701,0.582,30.646,2024-03-12T08:06:33
149,6749,0.8185025146506555,-16.7,6739.1,6.691,0.587,27.741,2024-03-12T08:07:01
150,6749,0.8173982817261773,-11.5,6750.0,6.698,0.592,27.016,2024-03-12T08:07:28
151,6749,0.8162955385104417,-11.6,6750.0,6.711,0.598,26.941,2024-03-12T08:07:55
152,6580,0.8152219185496792,-12.7,6733.0,6.72,0.602,27.875,2024-03-12T08:08:23
153,6749,0.8141221114420565,-9.5,6733.0,6.719,0.608,28.719,2024-03-12T08:08:52
154,6749,0.8130237880723538,-10.5,6733.0,6.732,0.614,26.893,2024-03-12T08:09:19
155,6749,0.8119269464388776,-11.3,6733.0,6.754,0.622,27.077,2024-03-12T08:09:46
156,6749,0.8108315845426316,-11.0,6733.0,6.773,0.627,27.101,2024-03-12T08:10:13
157,6749,0.8097377003873161,-12.4,6733.0,6.789,0.633,28.414,2024-03-12T08:10:41
158,6749,0.8086452919793333,-10.0,6733.0,6.808,0.637,27.292,2024-03-12T08:11:08
159,6749,0.8075543573277641,-14.2,6733.0,6.824,0.643,31.092,2024-03-12T08:11:40
160,6749,0.8064648944443794,-17.4,6733.0,6.814,0.645,27.658,2024-03-12T08:12:07
161,6685,0.8053872907731888,-17.7,6726.5,6.796,0.647,28.816,2024-03-12T08:12:36
162,6749,0.8043007514559437,-17.9,6743.5,6.795,0.65,27.445,2024-03-12T08:13:03
163,6749,0.8032156779771877,-20.9,6743.5,6.795,0.652,27.03,2024-03-12T08:13:30
164,6749,0.8021320683593711,-21.3,6743.5,6.776,0.652,27.251,2024-03-12T08:13:58
165,6749,0.801049920627616,-20.5,6743.5,6.727,0.652,28.6,2024-03-12T08:14:26
166,6749,0.7999692328097084,-22.6,6743.5,6.672,0.652,27.955,2024-03-12T08:14:54
167,6749,0.7988900029360896,-21.6,6743.5,6.622,0.655,27.148,2024-03-12T08:15:21
168,6749,0.7978122290398727,-23.6,6743.5,6.578,0.657,27.093,2024-03-12T08:15:49
169,6749,0.7967359091568083,-22.2,6743.5,6.531,0.657,27.451,2024-03-12T08:16:16
170,6749,0.7956610413253019,-23.0,6743.5,6.482,0.66,27.983,2024-03-12T08:16:44
171,6749,0.7945876235864091,-20.0,6750.0,6.443,0.663,28.068,2024-03-12T08:17:12
172,6749,0.793515653983823,-24.0,6750.0,6.396,0.667,30.802,2024-03-12T08:17:43
173,6749,0.7924451305638761,-23.8,6750.0,6.329,0.669,27.826,2024-03-12T08:18:11
174,6749,0.7913760513755411,-24.2,6750.0,6.262,0.672,29.336,2024-03-12T08:18:40
175,6749,0.7903084144704206,-21.8,6750.0,6.212,0.675,27.02,2024-03-12T08:19:07
176,6749,0.7892422179027471,-17.6,6750.0,6.18,0.68,27.041,2024-03-12T08:19:34
177,5642,0.7883520603816542,-21.6,6639.2,6.145,0.683,22.673,2024-03-12T08:19:57
178,6749,0.7872885031101963,-21.2,6639.2,6.099,0.688,29.662,2024-03-12T08:20:26
179,6749,0.7862263806724071,-21.6,6639.2,6.074,0.693,28.575,2024-03-12T08:20:55
180,6749,0.7851656911325536,-22.8,6639.2,6.066,0.698,27.086,2024-03-12T08:21:22
181,6749,0.7841064325575308,-23.8,6639.2,6.059,0.701,27.227,2024-03-12T08:21:49
182,5924,0.7831778950203571,-21.8,6556.6,6.05,0.702,24.319,2024-03-12T08:22:14
183,6337,0.7821858458333273,-22.0,6515.3,6.055,0.705,26.997,2024-03-12T08:22:41
184,6749,0.7811306073354952,-21.2,6515.3,6.07,0.707,27.23,2024-03-12T08:23:08
185,6749,0.7800767924485494,-21.8,6515.3,6.089,0.708,29.276,2024-03-12T08:23:37
186,6749,0.7790243992519199,-25.7,6515.3,6.11,0.711,27.86,2024-03-12T08:24:05
187,6749,0.777973425827613,-23.9,6626.1,6.134,0.712,31.073,2024-03-12T08:24:36
188,6749,0.7769238702602319,-22.7,6626.1,6.179,0.713,27.466,2024-03-12T08:25:03
189,6749,0.775875730636956,-21.1,6626.1,6.224,0.714,27.283,2024-03-12T08:25:31
190,6460,0.7748738689479627,-20.1,6597.1,6.269,0.717,26.308,2024-03-12T08:25:57
191,6749,0.7738284949593753,-20.9,6597.1,6.311,0.72,29.548,2024-03-12T08:26:27
192,6749,0.7727845312735693,-21.5,6679.7,6.338,0.723,28.8,2024-03-12T08:26:55
193,6749,0.7717419759879254,-18.7,6721.0,6.364,0.726,27.471,2024-03-12T08:27:23
194,6749,0.7707008272023896,-16.4,6721.0,6.385,0.729,27.294,2024-03-12T08:27:50
195,6749,0.7696610830194592,-20.5,6721.0,6.392,0.732,28.097,2024-03-12T08:28:18
196,6749,0.7686227415442063,-21.0,6721.0,6.385,0.733,29.065,2024-03-12T08:28:47
197,6749,0.7675858008842501,-20.5,6721.0,6.385,0.736,28.025,2024-03-12T08:29:15
198,6749,0.7665502591497667,-17.7,6721.0,6.374,0.738,29.72,2024-03-12T08:29:45
199,6749,0.765516114453493,-18.3,6721.0,6.351,0.739,28.294,2024-03-12T08:30:13
200,6749,0.7644833649106779,-20.1,6750.0,6.306,0.74,29.21,2024-03-12T08:30:43
201,6749,0.7634520086391448,-20.7,6750.0,6.253,0.738,27.344,2024-03-12T08:31:10
202,6749,0.7624220437592463,-20.9,6750.0,6.207,0.737,27.19,2024-03-12T08:31:37
203,6749,0.7613934683938708,-20.3,6750.0,6.172,0.738,27.468,2024-03-12T08:32:05
204,6704,0.760373200033421,-19.4,6745.4,6.145,0.738,29.47,2024-03-12T08:32:34
205,6749,0.7593473887410438,-16.9,6745.4,6.121,0.739,27.432,2024-03-12T08:33:02
206,6749,0.7583229613596295,-12.6,6745.4,6.105,0.741,27.291,2024-03-12T08:33:29
207,6749,0.7572999160221551,-13.1,6745.4,6.106,0.744,27.319,2024-03-12T08:33:56
208,6749,0.7562782508641296,-14.0,6745.4,6.112,0.746,27.934,2024-03-12T08:34:24
209,6749,0.7552579640235574,-15.8,6745.4,6.128,0.748,27.871,2024-03-12T08:34:52
210,6749,0.7542390536409662,-12.2,6745.4,6.167,0.751,29.225,2024-03-12T08:35:21
211,6107,0.7533183130481901,-16.0,6681.1,6.218,0.756,27.079,2024-03-12T08:35:48
212,6749,0.7523020194278397,-15.7,6681.1,6.272,0.761,28.332,2024-03-12T08:36:17
213,6749,0.7512870968782612,-14.3,6681.1,6.312,0.766,29.174,2024-03-12T08:36:46
214,6749,0.7502735435497615,-16.0,6685.7,6.347,0.772,27.684,2024-03-12T08:37:13
215,6749,0.7492613575951395,-14.6,6685.7,6.396,0.778,27.344,2024-03-12T08:37:41
216,6749,0.7482505371696833,-19.3,6685.7,6.446,0.783,27.354,2024-03-12T08:38:08
217,6749,0.7472410804311744,-18.9,6685.7,6.482,0.788,29.755,2024-03-12T08:38:38
218,6749,0.7462329855398727,-18.6,6685.7,6.51,0.793,27.378,2024-03-12T08:39:05
219,6749,0.7452262506585293,-18.5,6685.7,6.514,0.798,27.549,2024-03-12T08:39:33
220,6749,0.7442208739523684,-20.5,6685.7,6.508,0.801,27.717,2024-03-12T08:40:01
221,6749,0.7432168535891017,-16.5,6750.0,6.482,0.803,29.023,2024-03-12T08:40:30
222,6749,0.7422141877388791,-12.8,6750.0,6.449,0.805,28.693,2024-03-12T08:40:58
223,6749,0.7412128745743541,-15.8,6750.0,6.434,0.808,29.013,2024-03-12T08:41:27
224,5389,0.7404143516186048,-14.7,6613.9,6.411,0.809,23.066,2024-03-12T08:41:50
225,6749,0.739415466593599,-14.4,6613.9,6.386,0.811,28.938,2024-03-12T08:42:19
226,6749,0.7384179291536191,-11.6,6613.9,6.355,0.813,30.213,2024-03-12T08:42:49
227,6749,0.7374217374806452,-12.6,6613.9,6.323,0.814,27.516,2024-03-12T08:43:17
228,6683,0.7364366843023828,-14.6,6607.2,6.296,0.816,27.201,2024-03-12T08:43:44
229,6749,0.7354431655054984,-11.5,6607.2,6.283,0.818,28.132,2024-03-12T08:44:12
230,6749,0.7344509870541203,-11.7,6607.2,6.265,0.82,31.045,2024-03-12T08:44:43
231,6116,0.7335530824325707,-9.7,6543.8,6.262,0.823,24.625,2024-03-12T08:45:08
232,6749,0.7325634538718926,-12.5,6543.8,6.266,0.828,27.578,2024-03-12T08:45:36
233,6749,0.7315751604084566,-13.5,6543.8,6.257,0.832,27.544,2024-03-12T08:46:03
234,6749,0.7305882002410825,-15.5,6679.9,6.251,0.835,29.079,2024-03-12T08:46:32
235,6749,0.7296025715710377,-16.0,6679.9,6.234,0.837,28.139,2024-03-12T08:47:00
236,6749,0.7286182726020114,-18.2,6679.9,6.216,0.839,29.162,2024-03-12T08:47:29
237,6749,0.727635301540121,-17.2,6679.9,6.186,0.84,28.516,2024-03-12T08:47:58
238,6749,0.7266536565939066,-18.6,6686.6,6.149,0.842,30.642,2024-03-12T08:48:29
239,6749,0.7256733359743099,-20.0,6686.6,6.109,0.844,28.828,2024-03-12T08:48:57
240,6749,0.7246943378947011,-18.0,6686.6,6.07,0.845,27.505,2024-03-12T08:49:25
241,6749,0.7237166605708514,-17.7,6750.0,6.045,0.848,27.46,2024-03-12T08:49:52
242,6749,0.7227403022209483,-15.3,6750.0,6.033,0.851,28.892,2024-03-12T08:50:21
243,6749,0.7217652610655744,-13.5,6750.0,6.014,0.852,29.187,2024-03-12T08:50:51
244,6749,0.7207915353277164,-14.1,6750.0,5.993,0.855,27.752,2024-03-12T08:51:18
245,6749,0.7198191232327648,-15.9,6750.0,5.97,0.859,27.791,2024-03-12T08:51:46
246,6749,0.7188480230084954,-14.5,6750.0,5.947,0.861,27.897,2024-03-12T08:52:14
247,6749,0.717878232885077,-14.7,6750.0,5.931,0.863,28.829,2024-03-12T08:52:43
248,6665,0.7169218669728384,-13.3,6741.5,5.924,0.866,27.776,2024-03-12T08:53:11
249,6749,0.7159546754057781,-12.4,6741.5,5.922,0.869,31.193,2024-03-12T08:53:42
250,6749,0.7149887886664366,-13.4,6741.5,5.935,0.874,28.303,2024-03-12T08:54:10
251,6749,0.7140242049944922,-14.1,6741.5,5.939,0.878,30.006,2024-03-12T08:54:40
252,6749,0.7130609226319868,-15.7,6741.5,5.943,0.882,27.596,2024-03-12T08:55:08
253,4901,0.7123622514845783,-15.7,6556.6,5.952,0.885,20.263,2024-03-12T08:55:28
254,6749,0.7114012112456481,-16.3,6556.6,5.972,0.887,27.724,2024-03-12T08:55:56
255,6749,0.7104414675357513,-18.9,6556.6,5.99,0.889,29.327,2024-03-12T08:56:25
256,6749,0.709483018605752,-20.5,6556.6,5.99,0.891,28.867,2024-03-12T08:56:54
257,6749,0.7085258627088802,-22.4,6556.6,5.972,0.892,27.937,2024-03-12T08:57:22
258,6749,0.7075699981007166,-23.5,6565.1,5.959,0.892,27.886,2024-03-12T08:57:50
259,6749,0.7066154230391979,-23.6,6565.1,5.941,0.891,28.277,2024-03-12T08:58:18
260,6749,0.7056621357846123,-22.4,6565.1,5.921,0.889,28.945,2024-03-12T08:58:47
261,6455,0.7047516432509882,-27.2,6535.6,5.906,0.889,27.63,2024-03-12T08:59:15
262,6460,0.7038416216537843,-27.2,6506.6,5.883,0.888,29.848,2024-03-12T08:59:44
263,6749,0.7028920765047643,-27.6,6691.5,5.843,0.888,28.366,2024-03-12T09:00:13
264,6749,0.7019438123768695,-25.4,6691.5,5.803,0.889,30.41,2024-03-12T09:00:43
265,6749,0.7009968275418953,-19.6,6691.5,5.764,0.888,27.85,2024-03-12T09:01:11
266,6749,0.7000511202739604,-17.4,6691.5,5.756,0.889,27.657,2024-03-12T09:01:39
267,6749,0.6991066888494946,-12.9,6691.5,5.756,0.891,27.921,2024-03-12T09:02:07
268,6749,0.6981635315473095,-10.3,6691.5,5.745,0.893,31.096,2024-03-12T09:02:38
269,6749,0.6972216466484792,-11.9,6691.5,5.729,0.898,27.595,2024-03-12T09:03:05
270,6749,0.6962810324364163,-12.1,6691.5,5.707,0.901,27.897,2024-03-12T09:03:33
271,6749,0.6953416871968555,-8.7,6721.0,5.689,0.905,27.942,2024-03-12T09:04:01
272,6749,0.6944036092178348,-10.9,6750.0,5.67,0.908,29.06,2024-03-12T09:04:30
273,6749,0.6934667967897126,-9.4,6750.0,5.662,0.913,28.683,2024-03-12T09:04:59
274,6749,0.6925312482051428,-9.4,6750.0,5.664,0.916,29.524,2024-03-12T09:05:28
275,6749,0.6915969617590892,-15.4,6750.0,5.668,0.92,28.952,2024-03-12T09:05:57
276,6749,0.6906639357488153,-14.9,6750.0,5.649,0.923,30.949,2024-03-12T09:06:28
277,6749,0.6897321684738796,-17.5,6750.0,5.631,0.927,29.382,2024-03-12T09:06:58
278,6749,0.6888016582361356,-21.8,6750.0,5.627,0.93,27.926,2024-03-12T09:07:26
279,6749,0.6878724033397029,-18.8,6750.0,5.632,0.932,27.73,2024-03-12T09:07:53
280,6749,0.6869444020910657,-21.6,6750.0,5.646,0.934,30.341,2024-03-12T09:08:24
281,6749,0.6860176527989158,-20.6,6750.0,5.639,0.935,29.847,2024-03-12T09:08:53
282,6749,0.6850921537742534,-17.6,6750.0,5.635,0.936,28.1,2024-03-12T09:09:22
283,6749,0.684167903330354,-19.1,6750.0,5.641,0.936,28.09,2024-03-12T09:09:50
284,6749,0.6832448997827701,-20.3,6750.0,5.638,0.936,28.526,2024-03-12T09:10:18
285,6749,0.6823231414493294,-18.9,6750.0,5.641,0.936,29.878,2024-03-12T09:10:48
286,6749,0.6814026266501253,-21.0,6750.0,5.653,0.937,29.207,2024-03-12T09:11:17
287,6664,0.6804949900729326,-20.0,6741.4,5.681,0.938,30.46,2024-03-12T09:11:48
288,6749,0.6795769416130558,-17.6,6741.4,5.701,0.942,29.146,2024-03-12T09:12:17
289,6749,0.6786601316824634,-19.2,6741.4,5.721,0.944,29.794,2024-03-12T09:12:47
290,6749,0.6777445586102715,-16.6,6741.4,5.732,0.946,27.912,2024-03-12T09:13:15
291,6749,0.6768302207278589,-18.6,6741.4,5.756,0.95,27.872,2024-03-12T09:13:42
292,6749,0.6759171163688206,-21.5,6741.4,5.778,0.955,28.205,2024-03-12T09:14:11
293,6749,0.6750052438690369,-22.2,6741.4,5.803,0.961,30.788,2024-03-12T09:14:41
294,6749,0.6740946015666195,-20.4,6741.4,5.822,0.97,27.851,2024-03-12T09:15:09
295,6749,0.6731851878019199,-19.4,6741.4,5.819,0.977,28.255,2024-03-12T09:15:38
296,6749,0.6722770009175342,-16.6,6741.4,5.81,0.986,27.923,2024-03-12T09:16:06
297,6749,0.6713700392582926,-17.2,6750.0,5.797,0.995,29.124,2024-03-12T09:16:35
298,6749,0.6704643011712523,-19.2,6750.0,5.785,1.002,28.426,2024-03-12T09:17:03
299,6749,0.669559785005704,-18.2,6750.0,5.776,1.011,31.442,2024-03-12T09:17:34
300,6749,0.6686564891131725,-18.2,6750.0,5.779,1.02,28.887,2024-03-12T09:18:03
301,6749,0.6677544118473975,-17.2,6750.0,5.781,1.028,30.142,2024-03-12T09:18:34
302,6749,0.6668535515643448,-12.5,6750.0,5.775,1.035,28.398,2024-03-12T09:19:02
303,6749,0.6659539066221993,-9.6,6750.0,5.767,1.045,28.135,2024-03-12T09:19:30
304,6749,0.6650554753813485,-7.4,6750.0,5.76,1.05,28.149,2024-03-12T09:19:58
305,6749,0.6641582562044056,-3.8,6750.0,5.775,1.058,29.298,2024-03-12T09:20:28
306,6749,0.6632622474561871,-5.2,6750.0,5.798,1.064,28.929,2024-03-12T09:20:56
307,6749,0.662367447503721,-2.5,6750.0,5.813,1.069,28.235,2024-03-12T09:21:25
308,6749,0.6614738547162278,1.3,6750.0,5.829,1.074,28.143,2024-03-12T09:21:53
309,6749,0.660581467465139,-1.9,6750.0,5.837,1.077,28.977,2024-03-12T09:22:22
310,6749,0.6596902841240745,-0.3,6750.0,5.835,1.078,29.235,2024-03-12T09:22:51
311,6749,0.6588003030688546,3.0,6750.0,5.842,1.081,29.119,2024-03-12T09:23:20
312,6749,0.6579115226774901,-0.4,6750.0,5.862,1.085,29.732,2024-03-12T09:23:50
313,6749,0.6570239413301742,-4.0,6750.0,5.872,1.086,29.961,2024-03-12T09:24:20
314,6749,0.6561375574092903,-5.6,6750.0,5.868,1.088,30.165,2024-03-12T09:24:50
315,6749,0.6552523692994076,-9.7,6750.0,5.853,1.087,29.605,2024-03-12T09:25:20
316,6749,0.6543683753872682,-9.9,6750.0,5.838,1.088,27.975,2024-03-12T09:25:48
317,6749,0.6534855740617903,-16.2,6750.0,5.821,1.088,29.18,2024-03-12T09:26:17
318,6749,0.652603963714072,-20.0,6750.0,5.792,1.087,30.964,2024-03-12T09:26:48
319,6749,0.6517235427373743,-17.8,6750.0,5.771,1.088,28.057,2024-03-12T09:27:16
320,6749,0.6508443095271307,-20.1,6750.0,5.74,1.088,28.388,2024-03-12T09:27:44
321,6749,0.6499662624809373,-23.6,6750.0,5.704,1.087,28.557,2024-03-12T09:28:13
322,6494,0.6491225693160029,-22.6,6724.4,5.66,1.085,29.134,2024-03-12T09:28:42
323,6749,0.6482468450509804,-23.2,6724.4,5.612,1.082,28.495,2024-03-12T09:29:10
324,6749,0.6473723022161282,-25.4,6724.4,5.572,1.08,30.138,2024-03-12T09:29:40
325,6749,0.6464989392175916,-23.3,6724.4,5.532,1.079,28.593,2024-03-12T09:30:09
326,6749,0.6456267544636677,-26.7,6724.4,5.479,1.076,32.109,2024-03-12T09:30:41
327,6749,0.6447557463648003,-23.5,6724.4,5.414,1.073,28.114,2024-03-12T09:31:09
328,6687,0.6438939619582055,-24.1,6718.1,5.365,1.071,27.834,2024-03-12T09:31:37
329,6749,0.6430252915510412,-26.5,6718.1,5.323,1.067,28.237,2024-03-12T09:32:05
330,6749,0.6421577930577613,-23.8,6718.1,5.285,1.064,30.841,2024-03-12T09:32:36
331,5983,0.6413897824196343,-24.2,6641.4,5.245,1.062,25.34,2024-03-12T09:33:02
332,6749,0.6405244903741067,-26.2,6667.0,5.205,1.06,28.199,2024-03-12T09:33:30
333,6749,0.6396603656847547,-24.2,6667.0,5.175,1.061,28.436,2024-03-12T09:33:58
334,6749,0.6387974067767109,-22.8,6667.0,5.159,1.061,29.018,2024-03-12T09:34:27
335,6749,0.637935612077237,-23.2,6667.0,5.15,1.062,28.951,2024-03-12T09:34:56
336,6749,0.637074980015704,-18.6,6667.0,5.153,1.063,30.485,2024-03-12T09:35:27
337,6749,0.63621550902361,-17.6,6667.0,5.164,1.065,30.335,2024-03-12T09:35:57
338,6749,0.6353571975345746,-16.4,6673.3,5.172,1.067,30.284,2024-03-12T09:36:27
339,6749,0.6345000439843207,-14.4,6673.3,5.172,1.069,29.457,2024-03-12T09:36:57
340,6749,0.6336440468106885,-15.3,6673.3,5.181,1.073,28.334,2024-03-12T09:37:25
341,6749,0.6327892044536166,-14.1,6750.0,5.198,1.078,28.608,2024-03-12T09:37:54
342,6749,0.6319355153551646,-14.3,6750.0,5.219,1.082,29.828,2024-03-12T09:38:23
343,6749,0.6310829779594781,-15.9,6750.0,5.24,1.086,29.876,2024-03-12T09:38:53
344,6749,0.6302315907128068,-18.0,6750.0,5.253,1.091,28.183,2024-03-12T09:39:22
345,6749,0.6293813520634997,-18.2,6750.0,5.268,1.095,28.457,2024-03-12T09:39:50
346,6749,0.6285322604619954,-20.7,6750.0,5.277,1.098,29.025,2024-03-12T09:40:19
347,6749,0.6276843143608226,-22.1,6750.0,5.29,1.103,29.504,2024-03-12T09:40:49
348,6749,0.6268375122146004,-21.5,6750.0,5.289,1.109,29.709,2024-03-12T09:41:18
349,6749,0.6259918524800289,-21.1,6750.0,5.271,1.115,31.139,2024-03-12T09:41:49
350,6749,0.6251473336158975,-23.6,6750.0,5.247,1.118,29.315,2024-03-12T09:42:19
351,6749,0.6243039540830658,-23.8,6750.0,5.216,1.12,30.244,2024-03-12T09:42:49
352,6749,0.623461712344475,-22.6,6750.0,5.189,1.124,28.399,2024-03-12T09:43:17
353,6749,0.6226206068651381,-21.2,6750.0,5.163,1.129,28.331,2024-03-12T09:43:46
354,6749,0.621780636112144,-17.5,6750.0,5.141,1.133,29.203,2024-03-12T09:44:15
355,6749,0.6209417985546286,-18.6,6750.0,5.112,1.137,31.483,2024-03-12T09:44:46
356,6749,0.6201040926638387,-14.9,6750.0,5.077,1.142,28.319,2024-03-12T09:45:15
357,6749,0.61926751691304,-15.5,6750.0,5.048,1.148,28.573,2024-03-12T09:45:43
358,6749,0.6184320697775745,-16.1,6750.0,5.024,1.15,28.626,2024-03-12T09:46:12
359,6749,0.6175977497348397,-14.9,6750.0,5.007,1.154,30.15,2024-03-12T09:46:42
360,6749,0.6167645552642868,-11.1,6750.0,4.993,1.159,28.807,2024-03-12T09:47:11
361,6749,0.6159324848474059,-13.1,6750.0,4.983,1.164,30.587,2024-03-12T09:47:41
362,6749,0.6151015369677715,-15.3,6750.0,4.959,1.165,29.092,2024-03-12T09:48:11
363,6749,0.6142717101109727,-16.3,6750.0,4.937,1.165,32.302,2024-03-12T09:48:43
364,6749,0.6134430027646416,-16.3,6750.0,4.915,1.164,28.42,2024-03-12T09:49:11
365,6749,0.6126154134184639,-12.4,6750.0,4.901,1.163,28.407,2024-03-12T09:49:40
366,6749,0.6117889405641578,-13.8,6750.0,4.898,1.161,28.536,2024-03-12T09:50:08
367,6749,0.6109635826954755,-10.7,6750.0,4.901,1.159,32.125,2024-03-12T09:50:40
368,6749,0.6101393383081894,-9.1,6750.0,4.902,1.158,28.518,2024-03-12T09:51:09
369,6749,0.6093162059001406,-10.7,6750.0,4.906,1.158,28.523,2024-03-12T09:51:37
370,5868,0.608601470958164,-15.7,6661.8,4.899,1.157,24.827,2024-03-12T09:52:02
371,6749,0.6077804132703876,-11.9,6661.8,4.896,1.157,30.116,2024-03-12T09:52:32
372,6749,0.6069604632626927,-8.3,6661.8,4.901,1.158,29.182,2024-03-12T09:53:01
373,6749,0.6061416194407141,-8.9,6661.8,4.91,1.161,31.698,2024-03-12T09:53:33
374,6749,0.605323880312118,-10.5,6661.8,4.912,1.164,29.49,2024-03-12T09:54:03
375,6749,0.6045072443865711,-13.3,6661.8,4.912,1.166,30.941,2024-03-12T09:54:34
376,6749,0.6036917101757509,-14.1,6661.8,4.909,1.17,29.209,2024-03-12T09:55:03
377,6749,0.6028772761933531,-15.2,6661.8,4.909,1.175,28.586,2024-03-12T09:55:31
378,6749,0.6020639409550652,-13.6,6661.8,4.914,1.181,28.847,2024-03-12T09:56:00
379,6749,0.6012517029785844,-13.8,6661.8,4.919,1.188,30.545,2024-03-12T09:56:31
380,6749,0.6004405607836084,-12.2,6750.0,4.928,1.194,29.184,2024-03-12T09:57:00
381,6538,0.5996558778002419,-15.0,6728.8,4.924,1.202,27.729,2024-03-12T09:57:28
382,6749,0.5988468885158034,-14.2,6728.8,4.909,1.207,28.803,2024-03-12T09:57:57
383,6749,0.5980389906301092,-10.2,6728.8,4.892,1.212,29.67,2024-03-12T09:58:26
384,6749,0.5972321826707481,-9.6,6728.8,4.88,1.218,29.164,2024-03-12T09:58:55
385,6749,0.5964264631673157,-10.5,6728.8,4.868,1.225,30.823,2024-03-12T09:59:26
386,6749,0.5956218306513859,-12.1,6728.8,4.852,1.229,30.475,2024-03-12T09:59:57
387,6749,0.594818283656513,-11.6,6728.8,4.825,1.228,30.127,2024-03-12T10:00:27
388,6749,0.5940158207182329,-11.2,6728.8,4.787,1.227,29.77,2024-03-12T10:00:57
389,6749,0.5932144403740637,-10.8,6728.8,4.76,1.225,28.448,2024-03-12T10:01:25
390,6749,0.5924141411634755,-8.6,6728.8,4.744,1.223,28.651,2024-03-12T10:01:54
391,6749,0.5916149216279291,-7.8,6750.0,4.723,1.22,30.025,2024-03-12T10:02:24
392,6749,0.590816780310849,-10.8,6750.0,4.704,1.217,30.468,2024-03-12T10:02:54
393,6749,0.5900197157576237,-13.8,6750.0,4.684,1.212,28.729,2024-03-12T10:03:23
394,6749,0.5892237265155976,-13.2,6750.0,4.666,1.206,28.745,2024-03-12T10:03:52
395,6749,0.5884288111340813,-11.3,6750.0,4.653,1.202,29.512,2024-03-12T10:04:21
396,6749,0.5876349681643261,-11.5,6750.0,4.659,1.201,30.18,2024-03-12T10:04:51
397,6749,0.5868421961595879,-13.8,6750.0,4.665,1.2,29.629,2024-03-12T10:05:21
398,6749,0.5860504936750229,-16.4,6750.0,4.679,1.199,30.011,2024-03-12T10:05:51
399,6749,0.5852598592677491,-16.2,6750.0,4.682,1.197,30.731,2024-03-12T10:06:22
400,6749,0.5844702914968383,-17.0,6750.0,4.686,1.197,30.993,2024-03-12T10:06:53
401,6749,0.5836817889233006,-16.4,6750.0,4.702,1.198,28.659,2024-03-12T10:07:21
402,6749,0.5828943501100887,-13.8,6750.0,4.728,1.201,28.851,2024-03-12T10:07:50
403,6749,0.5821079736220969,-14.0,6750.0,4.747,1.205,30.008,2024-03-12T10:08:20
404,6749,0.5813226580261517,-17.8,6750.0,4.751,1.209,31.119,2024-03-12T10:08:51
405,6749,0.5805384018910167,-17.2,6750.0,4.746,1.21,28.585,2024-03-12T10:09:20
406,6749,0.5797552037873833,-17.0,6750.0,4.731,1.212,28.618,2024-03-12T10:09:48
407,6749,0.5789730622878739,-17.8,6750.0,4.714,1.215,29.353,2024-03-12T10:10:18
408,6749,0.5781919759670366,-14.4,6750.0,4.7,1.216,30.33,2024-03-12T10:10:48
409,6749,0.5774119434013376,-14.4,6750.0,4.694,1.219,29.819,2024-03-12T10:11:18
410,6749,0.5766329631691848,-14.8,6750.0,4.671,1.22,30.532,2024-03-12T10:11:49
411,6749,0.5758550338508581,-17.4,6750.0,4.636,1.22,30.053,2024-03-12T10:12:19
412,6749,0.575078154028591,-18.0,6750.0,4.596,1.219,31.578,2024-03-12T10:12:50
413,6749,0.5743023222865263,-16.0,6750.0,4.561,1.218,28.686,2024-03-12T10:13:19
414,6749,0.5735275372107033,-12.0,6750.0,4.543,1.221,28.9,2024-03-12T10:13:48
415,6749,0.5727537973890805,-13.6,6750.0,4.541,1.225,29.855,2024-03-12T10:14:18
416,6749,0.5719811014115157,-12.6,6750.0,4.539,1.227,31.023,2024-03-12T10:14:49
417,6749,0.5712094478697727,-8.2,6750.0,4.542,1.231,28.721,2024-03-12T10:15:17
418,6749,0.5704388353575063,-11.6,6750.0,4.557,1.238,29.024,2024-03-12T10:15:46
419,6749,0.5696692624702734,-12.2,6750.0,4.586,1.245,29.068,2024-03-12T10:16:15
420,6749,0.5689007278055379,-14.2,6750.0,4.614,1.254,29.546,2024-03-12T10:16:45
421,6749,0.5681332299626325,-8.4,6750.0,4.662,1.264,29.672,2024-03-12T10:17:15
422,6749,0.5673667675428018,-11.4,6750.0,4.721,1.277,31.858,2024-03-12T10:17:47
423,6749,0.5666013391491665,-13.0,6750.0,4.777,1.289,30.106,2024-03-12T10:18:17
424,6749,0.565836943386742,-13.0,6750.0,4.82,1.299,30.521,2024-03-12T10:18:47
425,6749,0.5650735788623945,-11.2,6750.0,4.86,1.309,29.066,2024-03-12T10:19:16
426,6749,0.5643112441849003,-13.3,6750.0,4.898,1.32,28.82,2024-03-12T10:19:45
427,6749,0.5635499379649075,-14.4,6750.0,4.933,1.331,29.569,2024-03-12T10:20:15
428,6749,0.562789658814935,-14.6,6750.0,4.96,1.338,31.265,2024-03-12T10:20:46
429,6749,0.562030405349375,-14.4,6750.0,4.962,1.344,28.882,2024-03-12T10:21:15
430,6749,0.5612721761844824,-10.2,6750.0,4.961,1.351,29.109,2024-03-12T10:21:44
431,6749,0.5605149699383885,-14.5,6750.0,4.955,1.358,29.156,2024-03-12T10:22:13
432,6749,0.5597587852310841,-10.3,6750.0,4.941,1.362,29.995,2024-03-12T10:22:43
433,6749,0.5590036206844209,-11.5,6750.0,4.915,1.367,29.889,2024-03-12T10:23:13
434,6749,0.5582494749221114,-10.7,6750.0,4.896,1.368,31.963,2024-03-12T10:23:45
435,6749,0.5574963465697274,-12.3,6750.0,4.88,1.37,29.844,2024-03-12T10:24:15
436,6749,0.5567442342546899,-10.8,6750.0,4.859,1.372,31.333,2024-03-12T10:24:46
437,6749,0.5559931366062723,-12.3,6750.0,4.84,1.373,28.915,2024-03-12T10:25:15
438,6749,0.5552430522556006,-9.1,6750.0,4.822,1.376,28.879,2024-03-12T10:25:44
439,6749,0.5544939798356547,-7.6,6750.0,4.817,1.381,29.157,2024-03-12T10:26:13
440,6749,0.5537459179812301,-9.2,6750.0,4.816,1.385,32.5,2024-03-12T10:26:45
441,6749,0.5529988653289944,-7.1,6750.0,4.813,1.388,28.789,2024-03-12T10:27:14
442,6749,0.5522528205174476,-7.7,6750.0,4.808,1.39,29.143,2024-03-12T10:27:43
443,6749,0.5515077821869163,-5.7,6750.0,4.811,1.393,29.23,2024-03-12T10:28:13
444,6749,0.550763748979565,-7.7,6750.0,4.82,1.399,31.296,2024-03-12T10:28:44
445,6749,0.5500207195394017,-8.7,6750.0,4.816,1.403,29.384,2024-03-12T10:29:13
446,6749,0.5492786925122524,-8.9,6750.0,4.815,1.406,30.752,2024-03-12T10:29:44
447,6749,0.5485376665457697,-8.2,6750.0,4.812,1.409,30.144,2024-03-12T10:30:14
448,6749,0.547797640289436,-9.0,6750.0,4.805,1.409,32.476,2024-03-12T10:30:47
449,6749,0.5470586123945479,-12.3,6750.0,4.792,1.41,29.204,2024-03-12T10:31:16
450,6749,0.5463205815142352,-16.3,6750.0,4.771,1.409,28.799,2024-03-12T10:31:45
451,6749,0.545583546303429,-15.1,6750.0,4.739,1.406,29.539,2024-03-12T10:32:14
452,6749,0.5448475054188893,-14.5,6750.0,4.705,1.404,32.179,2024-03-12T10:32:46
453,6749,0.5441124575191765,-14.7,6750.0,4.667,1.403,28.982,2024-03-12T10:33:15
454,6749,0.5433784012646775,-13.1,6750.0,4.627,1.401,29.255,2024-03-12T10:33:45
455,6749,0.5426453353175519,-15.3,6750.0,4.594,1.401,29.366,2024-03-12T10:34:14
456,6749,0.5419132583417963,-11.7,6750.0,4.565,1.401,31.164,2024-03-12T10:34:45
457,6749,0.5411821690032035,-14.2,6750.0,4.548,1.402,29.906,2024-03-12T10:35:15
458,6749,0.5404520659693607,-15.0,6750.0,4.525,1.405,31.003,2024-03-12T10:35:46
459,6749,0.5397229479096539,-14.0,6750.0,4.499,1.408,30.088,2024-03-12T10:36:16
460,6749,0.5389948134952671,-10.4,6750.0,4.487,1.412,30.996,2024-03-12T10:36:47
461,6749,0.5382676613991783,-11.6,6750.0,4.487,1.417,29.103,2024-03-12T10:37:16
462,6749,0.5375414902961452,-15.3,6750.0,4.487,1.421,28.974,2024-03-12T10:37:45
463,6749,0.5368162988627248,-14.9,6750.0,4.494,1.428,29.515,2024-03-12T10:38:15
464,6749,0.5360920857772555,-14.1,6750.0,4.501,1.435,30.909,2024-03-12T10:38:46
465,6749,0.535368849719858,-7.9,6750.0,4.509,1.442,28.968,2024-03-12T10:39:15
466,6749,0.5346465893724303,-11.3,6750.0,4.505,1.45,29.181,2024-03-12T10:39:44
467,6749,0.5339253034186588,-6.7,6750.0,4.49,1.455,29.28,2024-03-12T10:40:13
468,6749,0.533204990543996,-5.9,6750.0,4.483,1.459,30.336,2024-03-12T10:40:43
469,6749,0.5324856494356827,-4.6,6750.0,4.475,1.46,29.961,2024-03-12T10:41:13
470,6749,0.5317672787826977,-4.2,6750.0,4.454,1.461,32.535,2024-03-12T10:41:46
471,6749,0.5310498772758248,-5.8,6750.0,4.429,1.461,29.811,2024-03-12T10:42:16
472,6749,0.5303334436075924,-1.7,6750.0,4.415,1.46,30.741,2024-03-12T10:42:46
473,6749,0.5296179764723042,0.3,6750.0,4.401,1.459,29.205,2024-03-12T10:43:16
474,6749,0.528903474566017,-4.5,6750.0,4.384,1.458,29.009,2024-03-12T10:43:45
475,6749,0.5281899365865581,-5.1,6750.0,4.359,1.454,29.869,2024-03-12T10:44:15
476,6749,0.5274773612335,-5.7,6750.0,4.347,1.451,31.464,2024-03-12T10:44:46
477,6749,0.5267657472081705,-10.5,6750.0,4.343,1.449,29.038,2024-03-12T10:45:15
478,6749,0.5260550932136575,-8.8,6750.0,4.339,1.447,29.184,2024-03-12T10:45:44
479,6749,0.5253453979547926,-9.6,6750.0,4.354,1.448,29.398,2024-03-12T10:46:14
480,6749,0.5246366601381572,-8.4,6750.0,4.376,1.45,30.426,2024-03-12T10:46:44
481,6749,0.5239288784720729,-8.4,6750.0,4.411,1.453,29.596,2024-03-12T10:47:14
482,6749,0.5232220516666096,-9.3,6750.0,4.454,1.459,30.688,2024-03-12T10:47:44
483,6749,0.5225161784335749,-11.7,6750.0,4.5,1.465,30.359,2024-03-12T10:48:15
484,6749,0.5218112574865118,-10.7,6750.0,4.552,1.471,32.529,2024-03-12T10:48:47
485,6749,0.5211072875406946,-12.5,6750.0,4.606,1.48,29.28,2024-03-12T10:49:17
486,6749,0.5204042673131579,-13.5,6750.0,4.651,1.488,29.111,2024-03-12T10:49:46
487,6749,0.5197021955226381,-10.5,6750.0,4.687,1.494,29.943,2024-03-12T10:50:16
488,6749,0.519001070889606,-14.0,6750.0,4.719,1.498,32.407,2024-03-12T10:50:48
489,6749,0.5183008921362646,-17.3,6750.0,4.728,1.502,29.114,2024-03-12T10:51:17
490,6749,0.5176016579865377,-16.3,6750.0,4.74,1.505,29.084,2024-03-12T10:51:46
491,6749,0.5169033671660639,-16.9,6750.0,4.74,1.506,29.691,2024-03-12T10:52:16
492,6749,0.5162060184022139,-16.9,6750.0,4.714,1.505,30.694,2024-03-12T10:52:47
493,6749,0.5155096104240707,-17.1,6750.0,4.674,1.503,30.213,2024-03-12T10:53:17
494,6749,0.514814141962427,-16.5,6750.0,4.624,1.497,30.722,2024-03-12T10:53:48
495,6749,0.5141196117497944,-17.1,6750.0,4.575,1.49,30.713,2024-03-12T10:54:18
496,6749,0.5134260185203838,-14.3,6750.0,4.523,1.484,32.259,2024-03-12T10:54:50
497,6749,0.5127333610101295,-13.1,6750.0,4.464,1.481,29.321,2024-03-12T10:55:20
498,6749,0.5120416379566596,-10.4,6750.0,4.407,1.479,29.258,2024-03-12T10:55:49
499,6749,0.5113508480993089,-8.8,6750.0,4.354,1.476,30.642,2024-03-12T10:56:20